On Your Own Recognizance,"{""summary"":""On Your Own Recognizance"",""dtstart"":""20240130"",""dtend"":null,""duration"":null,""dtstamp"":null,""dtstart_tz"":""20240130T000000"",""dtend_tz"":""20240130T000000"",""uid"":""df9e08579e2643f1b6536ee21439af65"",""created"":null,""last_modified"":null,""description"":null,""location"":null,""sequence"":null,""status"":null,""transp"":""TRANSPARENT"",""organizer"":null,""attendee"":null}",null
On Your Own Recognizance,"{""summary"":""On Your Own Recognizance"",""dtstart"":""20241106"",""dtend"":null,""duration"":null,""dtstamp"":null,""dtstart_tz"":""20241106T000000"",""dtend_tz"":""20241106T000000"",""uid"":""1402649c6180482490a696f050493bd5"",""created"":null,""last_modified"":null,""description"":null,""location"":null,""sequence"":null,""status"":null,""transp"":""TRANSPARENT"",""organizer"":null,""attendee"":null,""additionalProperties"":{""summary_array"":[[],""On Your Own Recognizance""],""dtstart_array"":[{""VALUE"":""DATE""},""20241106"",1730876400,""20241106""],""uid_array"":[[],""1402649c6180482490a696f050493bd5""],""transp_array"":[[],""TRANSPARENT""]}}",null
Shrimp and Grits,"{""summary"":""Shrimp and Grits"",""dtstart"":""20250304"",""dtend"":null,""duration"":null,""dtstamp"":null,""dtstart_tz"":""20250304T000000"",""dtend_tz"":""20250304T000000"",""uid"":""05928a6737854289b6b211e06c86c2ae"",""created"":null,""last_modified"":null,""description"":null,""location"":""https:\/\/cooking.nytimes.com\/recipes\/10718-shrimp-and-grits?smid=ck-recipe-iOS-share"",""sequence"":null,""status"":null,""transp"":""TRANSPARENT"",""organizer"":null,""attendee"":null,""additionalProperties"":{""summary_array"":[[],""Shrimp and Grits""],""dtstart_array"":[{""VALUE"":""DATE""},""20250304"",1741071600,""20250304""],""uid_array"":[[],""05928a6737854289b6b211e06c86c2ae""],""location_array"":[[],""https:\/\/cooking.nytimes.com\/recipes\/10718-shrimp-and-grits?smid=ck-recipe-iOS-share""],""transp_array"":[[],""TRANSPARENT""],""url_array"":[[],""https:\/\/cooking.nytimes.com\/recipes\/10718-shrimp-and-grits?smid=ck-recipe-iOS-share""],""url"":""https:\/\/cooking.nytimes.com\/recipes\/10718-shrimp-and-grits?smid=ck-recipe-iOS-share""}}","""https:\/\/cooking.nytimes.com\/recipes\/10718-shrimp-and-grits?smid=ck-recipe-iOS-share"""
Bacon Wrapped Pineapple Bites,"{""summary"":""Bacon Wrapped Pineapple Bites"",""dtstart"":""20250209"",""dtend"":null,""duration"":null,""dtstamp"":null,""dtstart_tz"":""20250209T000000"",""dtend_tz"":""20250209T000000"",""uid"":""c185f6bb8cb8465091a177185d87fcd0"",""created"":null,""last_modified"":null,""description"":null,""location"":""https:\/\/onelittleproject.com\/bacon-wrapped-pineapple-bites\/"",""sequence"":null,""status"":null,""transp"":""TRANSPARENT"",""organizer"":null,""attendee"":null,""additionalProperties"":{""summary_array"":[[],""Bacon Wrapped Pineapple Bites""],""dtstart_array"":[{""VALUE"":""DATE""},""20250209"",1739084400,""20250209""],""uid_array"":[[],""c185f6bb8cb8465091a177185d87fcd0""],""location_array"":[[],""https:\/\/onelittleproject.com\/bacon-wrapped-pineapple-bites\/""],""transp_array"":[[],""TRANSPARENT""],""url_array"":[[],""https:\/\/onelittleproject.com\/bacon-wrapped-pineapple-bites\/""],""url"":""https:\/\/onelittleproject.com\/bacon-wrapped-pineapple-bites\/""}}","""https:\/\/onelittleproject.com\/bacon-wrapped-pineapple-bites\/"""
Swedish Meatballs,"{""summary"":""Swedish Meatballs"",""dtstart"":""20241120"",""dtend"":null,""duration"":null,""dtstamp"":null,""dtstart_tz"":""20241120T000000"",""dtend_tz"":""20241120T000000"",""uid"":""1812950b49124daa9cbe30e091fbecb0"",""created"":null,""last_modified"":null,""description"":null,""location"":null,""sequence"":null,""status"":null,""transp"":""TRANSPARENT"",""organizer"":null,""attendee"":null,""additionalProperties"":{""summary_array"":[[],""Swedish Meatballs""],""dtstart_array"":[{""VALUE"":""DATE""},""20241120"",1732086000,""20241120""],""uid_array"":[[],""1812950b49124daa9cbe30e091fbecb0""],""transp_array"":[[],""TRANSPARENT""]}}",null
Bucatini And Pasta,"{""summary"":""Bucatini And Pasta"",""dtstart"":""20241112"",""dtend"":null,""duration"":null,""dtstamp"":null,""dtstart_tz"":""20241112T000000"",""dtend_tz"":""20241112T000000"",""uid"":""5e9c7ae72be040fbb2397c8359ad1bdb"",""created"":null,""last_modified"":null,""description"":null,""location"":null,""sequence"":null,""status"":null,""transp"":""TRANSPARENT"",""organizer"":null,""attendee"":null}",null
Waffles,"{""summary"":""Waffles"",""dtstart"":""20250131"",""dtend"":null,""duration"":null,""dtstamp"":null,""dtstart_tz"":""20250131T000000"",""dtend_tz"":""20250131T000000"",""uid"":""d3a02e92339c43daa8eca8384232e6b9"",""created"":null,""last_modified"":null,""description"":null,""location"":null,""sequence"":null,""status"":null,""transp"":""TRANSPARENT"",""organizer"":null,""attendee"":null,""additionalProperties"":{""summary_array"":[[],""Waffles""],""dtstart_array"":[{""VALUE"":""DATE""},""20250131"",1738306800,""20250131""],""uid_array"":[[],""d3a02e92339c43daa8eca8384232e6b9""],""transp_array"":[[],""TRANSPARENT""]}}",null
Waffles,"{""summary"":""Waffles"",""dtstart"":""20250315"",""dtend"":null,""duration"":null,""dtstamp"":null,""dtstart_tz"":""20250315T000000"",""dtend_tz"":""20250315T000000"",""uid"":""5530212cdbb04c50b597a6ab7e6c2cc3"",""created"":null,""last_modified"":null,""description"":null,""location"":null,""sequence"":null,""status"":null,""transp"":""TRANSPARENT"",""organizer"":null,""attendee"":null,""additionalProperties"":{""summary_array"":[[],""Waffles""],""dtstart_array"":[{""VALUE"":""DATE""},""20250315"",1742018400,""20250315""],""uid_array"":[[],""5530212cdbb04c50b597a6ab7e6c2cc3""],""transp_array"":[[],""TRANSPARENT""]}}",null
Bucatini And Pasta,"{""summary"":""Bucatini And Pasta"",""dtstart"":""20241231"",""dtend"":null,""duration"":null,""dtstamp"":null,""dtstart_tz"":""20241231T000000"",""dtend_tz"":""20241231T000000"",""uid"":""73bff9048fb940399c960d8a2867376f"",""created"":null,""last_modified"":null,""description"":null,""location"":null,""sequence"":null,""status"":null,""transp"":""TRANSPARENT"",""organizer"":null,""attendee"":null,""additionalProperties"":{""summary_array"":[[],""Bucatini And Pasta""],""dtstart_array"":[{""VALUE"":""DATE""},""20241231"",1735628400,""20241231""],""uid_array"":[[],""73bff9048fb940399c960d8a2867376f""],""transp_array"":[[],""TRANSPARENT""]}}",null
Charred Cabbage With Miso Browned Butter,"{""summary"":""Charred Cabbage With Miso Browned Butter"",""dtstart"":""20241107"",""dtend"":null,""duration"":null,""dtstamp"":null,""dtstart_tz"":""20241107T000000"",""dtend_tz"":""20241107T000000"",""uid"":""8471771445e44087a20c2f3d79fc9db1"",""created"":null,""last_modified"":null,""description"":null,""location"":""https:\/\/cooking.nytimes.com\/recipes\/1025884-charred-cabbage-with-miso-browned-butter?smid=ck-recipe-iOS-share"",""sequence"":null,""status"":null,""transp"":""TRANSPARENT"",""organizer"":null,""attendee"":null,""additionalProperties"":{""summary_array"":[[],""Charred Cabbage With Miso Browned Butter""],""dtstart_array"":[{""VALUE"":""DATE""},""20241107"",1730962800,""20241107""],""uid_array"":[[],""8471771445e44087a20c2f3d79fc9db1""],""location_array"":[[],""https:\/\/cooking.nytimes.com\/recipes\/1025884-charred-cabbage-with-miso-browned-butter?smid=ck-recipe-iOS-share""],""transp_array"":[[],""TRANSPARENT""],""url_array"":[[],""https:\/\/cooking.nytimes.com\/recipes\/1025884-charred-cabbage-with-miso-browned-butter?smid=ck-recipe-iOS-share""],""url"":""https:\/\/cooking.nytimes.com\/recipes\/1025884-charred-cabbage-with-miso-browned-butter?smid=ck-recipe-iOS-share""}}","""https:\/\/cooking.nytimes.com\/recipes\/1025884-charred-cabbage-with-miso-browned-butter?smid=ck-recipe-iOS-share"""
Spaghetti,"{""summary"":""Spaghetti"",""dtstart"":""20250429"",""dtend"":null,""duration"":null,""dtstamp"":null,""dtstart_tz"":""20250429T000000"",""dtend_tz"":""20250429T000000"",""uid"":""d259d7d275f94d88ac535b0817a82abc"",""created"":null,""last_modified"":null,""description"":null,""location"":null,""sequence"":null,""status"":null,""transp"":""TRANSPARENT"",""organizer"":null,""attendee"":null,""additionalProperties"":{""summary_array"":[[],""Spaghetti""],""dtstart_array"":[{""VALUE"":""DATE""},""20250429"",1745906400,""20250429""],""uid_array"":[[],""d259d7d275f94d88ac535b0817a82abc""],""transp_array"":[[],""TRANSPARENT""]}}",null
Cheesy Chile Crisp White Beans,"{""summary"":""Cheesy Chile Crisp White Beans"",""dtstart"":""20250221"",""dtend"":null,""duration"":null,""dtstamp"":null,""dtstart_tz"":""20250221T000000"",""dtend_tz"":""20250221T000000"",""uid"":""d1a5689477424933b462c580d25e0421"",""created"":null,""last_modified"":null,""description"":null,""location"":""https:\/\/cooking.nytimes.com\/recipes\/1026136-cheesy-chile-crisp-white-beans?smid=ck-recipe-iOS-share"",""sequence"":null,""status"":null,""transp"":""TRANSPARENT"",""organizer"":null,""attendee"":null,""additionalProperties"":{""summary_array"":[[],""Cheesy Chile Crisp White Beans""],""dtstart_array"":[{""VALUE"":""DATE""},""20250221"",1740121200,""20250221""],""uid_array"":[[],""d1a5689477424933b462c580d25e0421""],""location_array"":[[],""https:\/\/cooking.nytimes.com\/recipes\/1026136-cheesy-chile-crisp-white-beans?smid=ck-recipe-iOS-share""],""transp_array"":[[],""TRANSPARENT""],""url_array"":[[],""https:\/\/cooking.nytimes.com\/recipes\/1026136-cheesy-chile-crisp-white-beans?smid=ck-recipe-iOS-share""],""url"":""https:\/\/cooking.nytimes.com\/recipes\/1026136-cheesy-chile-crisp-white-beans?smid=ck-recipe-iOS-share""}}","""https:\/\/cooking.nytimes.com\/recipes\/1026136-cheesy-chile-crisp-white-beans?smid=ck-recipe-iOS-share"""
Pot Roast,"{""summary"":""Pot Roast"",""dtstart"":""20250711"",""dtend"":null,""duration"":null,""dtstamp"":null,""dtstart_tz"":""20250711T000000"",""dtend_tz"":""20250711T000000"",""uid"":""aea548dbf320403799cd7a52a7cbd3a9"",""created"":null,""last_modified"":null,""description"":null,""location"":null,""sequence"":null,""status"":null,""transp"":""TRANSPARENT"",""organizer"":null,""attendee"":null,""additionalProperties"":{""summary_array"":[[],""Pot Roast""],""dtstart_array"":[{""VALUE"":""DATE""},""20250711"",1752213600,""20250711""],""uid_array"":[[],""aea548dbf320403799cd7a52a7cbd3a9""],""transp_array"":[[],""TRANSPARENT""]}}",null
Rockfish,"{""summary"":""Rockfish"",""dtstart"":""20250203"",""dtend"":null,""duration"":null,""dtstamp"":null,""dtstart_tz"":""20250203T000000"",""dtend_tz"":""20250203T000000"",""uid"":""f443f70c4141413c80328b618ac2750f"",""created"":null,""last_modified"":null,""description"":null,""location"":null,""sequence"":null,""status"":null,""transp"":""TRANSPARENT"",""organizer"":null,""attendee"":null,""additionalProperties"":{""summary_array"":[[],""Rockfish""],""dtstart_array"":[{""VALUE"":""DATE""},""20250203"",1738566000,""20250203""],""uid_array"":[[],""f443f70c4141413c80328b618ac2750f""],""transp_array"":[[],""TRANSPARENT""]}}",null
Curry Chili,"{""summary"":""Curry Chili"",""dtstart"":""20250212"",""dtend"":null,""duration"":null,""dtstamp"":null,""dtstart_tz"":""20250212T000000"",""dtend_tz"":""20250212T000000"",""uid"":""5bc7c5271cc744e7aa011fc0d0d7e9da"",""created"":null,""last_modified"":null,""description"":null,""location"":null,""sequence"":null,""status"":null,""transp"":""TRANSPARENT"",""organizer"":null,""attendee"":null,""additionalProperties"":{""summary_array"":[[],""Curry Chili""],""dtstart_array"":[{""VALUE"":""DATE""},""20250212"",1739343600,""20250212""],""uid_array"":[[],""5bc7c5271cc744e7aa011fc0d0d7e9da""],""transp_array"":[[],""TRANSPARENT""]}}",null
Pan Seared Rockfish Recipe,"{""summary"":""Pan Seared Rockfish Recipe"",""dtstart"":""20250513"",""dtend"":null,""duration"":null,""dtstamp"":null,""dtstart_tz"":""20250513T000000"",""dtend_tz"":""20250513T000000"",""uid"":""d3e6781d3a384eac92724128cdcec642"",""created"":null,""last_modified"":null,""description"":null,""location"":""https:\/\/www.askchefdennis.com\/pan-seared-rockfish-with-lemon-caper-sauce\/"",""sequence"":null,""status"":null,""transp"":""TRANSPARENT"",""organizer"":null,""attendee"":null,""additionalProperties"":{""summary_array"":[[],""Pan Seared Rockfish Recipe""],""dtstart_array"":[{""VALUE"":""DATE""},""20250513"",1747116000,""20250513""],""uid_array"":[[],""d3e6781d3a384eac92724128cdcec642""],""location_array"":[[],""https:\/\/www.askchefdennis.com\/pan-seared-rockfish-with-lemon-caper-sauce\/""],""transp_array"":[[],""TRANSPARENT""],""url_array"":[[],""https:\/\/www.askchefdennis.com\/pan-seared-rockfish-with-lemon-caper-sauce\/""],""url"":""https:\/\/www.askchefdennis.com\/pan-seared-rockfish-with-lemon-caper-sauce\/""}}","""https:\/\/www.askchefdennis.com\/pan-seared-rockfish-with-lemon-caper-sauce\/"""
Pot Roast,"{""summary"":""Pot Roast"",""dtstart"":""20250517"",""dtend"":null,""duration"":null,""dtstamp"":null,""dtstart_tz"":""20250517T000000"",""dtend_tz"":""20250517T000000"",""uid"":""ef3561c11d0b48c98d682bad29490e43"",""created"":null,""last_modified"":null,""description"":null,""location"":null,""sequence"":null,""status"":null,""transp"":""TRANSPARENT"",""organizer"":null,""attendee"":null,""additionalProperties"":{""summary_array"":[[],""Pot Roast""],""dtstart_array"":[{""VALUE"":""DATE""},""20250517"",1747461600,""20250517""],""uid_array"":[[],""ef3561c11d0b48c98d682bad29490e43""],""transp_array"":[[],""TRANSPARENT""]}}",null
Post Roast,"{""summary"":""Post Roast"",""dtstart"":""20241126"",""dtend"":null,""duration"":null,""dtstamp"":null,""dtstart_tz"":""20241126T000000"",""dtend_tz"":""20241126T000000"",""uid"":""5eb01fb86b954e988e73a0a36183e855"",""created"":null,""last_modified"":null,""description"":null,""location"":null,""sequence"":null,""status"":null,""transp"":""TRANSPARENT"",""organizer"":null,""attendee"":null,""additionalProperties"":{""summary_array"":[[],""Post Roast""],""dtstart_array"":[{""VALUE"":""DATE""},""20241126"",1732604400,""20241126""],""uid_array"":[[],""5eb01fb86b954e988e73a0a36183e855""],""transp_array"":[[],""TRANSPARENT""]}}",null
Ham and Bean Soup,"{""summary"":""Ham and Bean Soup"",""dtstart"":""20250201"",""dtend"":null,""duration"":null,""dtstamp"":null,""dtstart_tz"":""20250201T000000"",""dtend_tz"":""20250201T000000"",""uid"":""fd5d8e0a91ca45c58b7bc248d8dd3550"",""created"":null,""last_modified"":null,""description"":null,""location"":""https:\/\/cooking.nytimes.com\/recipes\/1024508-ham-and-bean-soup?smid=ck-recipe-iOS-share"",""sequence"":null,""status"":null,""transp"":""TRANSPARENT"",""organizer"":null,""attendee"":null,""additionalProperties"":{""summary_array"":[[],""Ham and Bean Soup""],""dtstart_array"":[{""VALUE"":""DATE""},""20250201"",1738393200,""20250201""],""uid_array"":[[],""fd5d8e0a91ca45c58b7bc248d8dd3550""],""location_array"":[[],""https:\/\/cooking.nytimes.com\/recipes\/1024508-ham-and-bean-soup?smid=ck-recipe-iOS-share""],""transp_array"":[[],""TRANSPARENT""],""url_array"":[[],""https:\/\/cooking.nytimes.com\/recipes\/1024508-ham-and-bean-soup?smid=ck-recipe-iOS-share""],""url"":""https:\/\/cooking.nytimes.com\/recipes\/1024508-ham-and-bean-soup?smid=ck-recipe-iOS-share""}}","""https:\/\/cooking.nytimes.com\/recipes\/1024508-ham-and-bean-soup?smid=ck-recipe-iOS-share"""
Tikka Masala Rice And Beans,"{""summary"":""Tikka Masala Rice And Beans"",""dtstart"":""20250407"",""dtend"":null,""duration"":null,""dtstamp"":null,""dtstart_tz"":""20250407T000000"",""dtend_tz"":""20250407T000000"",""uid"":""2755d38859d14fa4ad5e50bd30407c8c"",""created"":null,""last_modified"":null,""description"":null,""location"":null,""sequence"":null,""status"":null,""transp"":""TRANSPARENT"",""organizer"":null,""attendee"":null,""additionalProperties"":{""summary_array"":[[],""Tikka Masala Rice And Beans""],""dtstart_array"":[{""VALUE"":""DATE""},""20250407"",1744005600,""20250407""],""uid_array"":[[],""2755d38859d14fa4ad5e50bd30407c8c""],""transp_array"":[[],""TRANSPARENT""]}}",null
Simple Dumplings,"{""summary"":""Simple Dumplings"",""dtstart"":""20241117"",""dtend"":null,""duration"":null,""dtstamp"":null,""dtstart_tz"":""20241117T000000"",""dtend_tz"":""20241117T000000"",""uid"":""93c1cb96362743ada37328c7a4f3f14b"",""created"":null,""last_modified"":null,""description"":null,""location"":""https:\/\/www.allrecipes.com\/recipe\/210083\/moms-simple-dumplings\/"",""sequence"":null,""status"":null,""transp"":""TRANSPARENT"",""organizer"":null,""attendee"":null,""additionalProperties"":{""summary_array"":[[],""Simple Dumplings""],""dtstart_array"":[{""VALUE"":""DATE""},""20241117"",1731826800,""20241117""],""uid_array"":[[],""93c1cb96362743ada37328c7a4f3f14b""],""location_array"":[[],""https:\/\/www.allrecipes.com\/recipe\/210083\/moms-simple-dumplings\/""],""transp_array"":[[],""TRANSPARENT""],""url_array"":[[],""https:\/\/www.allrecipes.com\/recipe\/210083\/moms-simple-dumplings\/""],""url"":""https:\/\/www.allrecipes.com\/recipe\/210083\/moms-simple-dumplings\/""}}","""https:\/\/www.allrecipes.com\/recipe\/210083\/moms-simple-dumplings\/"""
Creamy Potato-And-Ham Hock Slow-Cooker Soup,"{""summary"":""Creamy Potato-And-Ham Hock Slow-Cooker Soup"",""dtstart"":""20241102"",""dtend"":null,""duration"":null,""dtstamp"":null,""dtstart_tz"":""20241102T000000"",""dtend_tz"":""20241102T000000"",""uid"":""1bb61cba58db4a90af2ebabe347ca315"",""created"":null,""last_modified"":null,""description"":null,""location"":""https:\/\/www.southernliving.com\/recipes\/creamy-potato-and-ham-hock-slow-cooker-soup-recipe"",""sequence"":null,""status"":null,""transp"":""TRANSPARENT"",""organizer"":null,""attendee"":null,""additionalProperties"":{""summary_array"":[[],""Creamy Potato-And-Ham Hock Slow-Cooker Soup""],""dtstart_array"":[{""VALUE"":""DATE""},""20241102"",1730527200,""20241102""],""uid_array"":[[],""1bb61cba58db4a90af2ebabe347ca315""],""location_array"":[[],""https:\/\/www.southernliving.com\/recipes\/creamy-potato-and-ham-hock-slow-cooker-soup-recipe""],""transp_array"":[[],""TRANSPARENT""],""url_array"":[[],""https:\/\/www.southernliving.com\/recipes\/creamy-potato-and-ham-hock-slow-cooker-soup-recipe""],""url"":""https:\/\/www.southernliving.com\/recipes\/creamy-potato-and-ham-hock-slow-cooker-soup-recipe""}}","""https:\/\/www.southernliving.com\/recipes\/creamy-potato-and-ham-hock-slow-cooker-soup-recipe"""
Tikka Masala Rice And Beans,"{""summary"":""Tikka Masala Rice And Beans"",""dtstart"":""20250409"",""dtend"":null,""duration"":null,""dtstamp"":null,""dtstart_tz"":""20250409T000000"",""dtend_tz"":""20250409T000000"",""uid"":""d210a8f857b7416f84d73e53f8a3fed9"",""created"":null,""last_modified"":null,""description"":null,""location"":null,""sequence"":null,""status"":null,""transp"":""TRANSPARENT"",""organizer"":null,""attendee"":null,""additionalProperties"":{""summary_array"":[[],""Tikka Masala Rice And Beans""],""dtstart_array"":[{""VALUE"":""DATE""},""20250409"",1744178400,""20250409""],""uid_array"":[[],""d210a8f857b7416f84d73e53f8a3fed9""],""transp_array"":[[],""TRANSPARENT""]}}",null
Potato Stacks,"{""summary"":""Potato Stacks"",""dtstart"":""20250118"",""dtend"":null,""duration"":null,""dtstamp"":null,""dtstart_tz"":""20250118T000000"",""dtend_tz"":""20250118T000000"",""uid"":""165fde11789c41a6b31b702630505d51"",""created"":null,""last_modified"":null,""description"":null,""location"":""https:\/\/plantyou.com\/potato-stacks\/?fbclid=IwZXh0bgNhZW0CMTEAAR2ziyVr3gvx5FuLQ9xYsAixwqZk3yHqklzWy0fhPBs2DwkGQHnYsKsKM8A_aem_mWXheG7xk7V5t6wPyUMZJw"",""sequence"":null,""status"":null,""transp"":""TRANSPARENT"",""organizer"":null,""attendee"":null,""additionalProperties"":{""summary_array"":[[],""Potato Stacks""],""dtstart_array"":[{""VALUE"":""DATE""},""20250118"",1737183600,""20250118""],""uid_array"":[[],""165fde11789c41a6b31b702630505d51""],""location_array"":[[],""https:\/\/plantyou.com\/potato-stacks\/?fbclid=IwZXh0bgNhZW0CMTEAAR2ziyVr3gvx5FuLQ9xYsAixwqZk3yHqklzWy0fhPBs2DwkGQHnYsKsKM8A_aem_mWXheG7xk7V5t6wPyUMZJw""],""transp_array"":[[],""TRANSPARENT""],""url_array"":[[],""https:\/\/plantyou.com\/potato-stacks\/?fbclid=IwZXh0bgNhZW0CMTEAAR2ziyVr3gvx5FuLQ9xYsAixwqZk3yHqklzWy0fhPBs2DwkGQHnYsKsKM8A_aem_mWXheG7xk7V5t6wPyUMZJw""],""url"":""https:\/\/plantyou.com\/potato-stacks\/?fbclid=IwZXh0bgNhZW0CMTEAAR2ziyVr3gvx5FuLQ9xYsAixwqZk3yHqklzWy0fhPBs2DwkGQHnYsKsKM8A_aem_mWXheG7xk7V5t6wPyUMZJw""}}","""https:\/\/plantyou.com\/potato-stacks\/?fbclid=IwZXh0bgNhZW0CMTEAAR2ziyVr3gvx5FuLQ9xYsAixwqZk3yHqklzWy0fhPBs2DwkGQHnYsKsKM8A_aem_mWXheG7xk7V5t6wPyUMZJw"""
Leek Quiche,"{""summary"":""Leek Quiche"",""dtstart"":""20250511"",""dtend"":null,""duration"":null,""dtstamp"":null,""dtstart_tz"":""20250511T000000"",""dtend_tz"":""20250511T000000"",""uid"":""be99ad5174b7480a86f2d8b266ec3992"",""created"":null,""last_modified"":null,""description"":null,""location"":""https:\/\/cooking.nytimes.com\/recipes\/1014567-leek-quiche?smid=ck-recipe-iOS-share"",""sequence"":null,""status"":null,""transp"":""TRANSPARENT"",""organizer"":null,""attendee"":null,""additionalProperties"":{""summary_array"":[[],""Leek Quiche""],""dtstart_array"":[{""VALUE"":""DATE""},""20250511"",1746943200,""20250511""],""uid_array"":[[],""be99ad5174b7480a86f2d8b266ec3992""],""location_array"":[[],""https:\/\/cooking.nytimes.com\/recipes\/1014567-leek-quiche?smid=ck-recipe-iOS-share""],""transp_array"":[[],""TRANSPARENT""],""url_array"":[[],""https:\/\/cooking.nytimes.com\/recipes\/1014567-leek-quiche?smid=ck-recipe-iOS-share""],""url"":""https:\/\/cooking.nytimes.com\/recipes\/1014567-leek-quiche?smid=ck-recipe-iOS-share""}}","""https:\/\/cooking.nytimes.com\/recipes\/1014567-leek-quiche?smid=ck-recipe-iOS-share"""
Scallion-Oil Fish,"{""summary"":""Scallion-Oil Fish"",""dtstart"":""20250211"",""dtend"":null,""duration"":null,""dtstamp"":null,""dtstart_tz"":""20250211T000000"",""dtend_tz"":""20250211T000000"",""uid"":""791b29f74c014268b1ce82fc9eb1a749"",""created"":null,""last_modified"":null,""description"":null,""location"":""https:\/\/cooking.nytimes.com\/recipes\/1026167-scallion-oil-fish?smid=ck-recipe-iOS-share"",""sequence"":null,""status"":null,""transp"":""TRANSPARENT"",""organizer"":null,""attendee"":null,""additionalProperties"":{""summary_array"":[[],""Scallion-Oil Fish""],""dtstart_array"":[{""VALUE"":""DATE""},""20250211"",1739257200,""20250211""],""uid_array"":[[],""791b29f74c014268b1ce82fc9eb1a749""],""location_array"":[[],""https:\/\/cooking.nytimes.com\/recipes\/1026167-scallion-oil-fish?smid=ck-recipe-iOS-share""],""transp_array"":[[],""TRANSPARENT""],""url_array"":[[],""https:\/\/cooking.nytimes.com\/recipes\/1026167-scallion-oil-fish?smid=ck-recipe-iOS-share""],""url"":""https:\/\/cooking.nytimes.com\/recipes\/1026167-scallion-oil-fish?smid=ck-recipe-iOS-share""}}","""https:\/\/cooking.nytimes.com\/recipes\/1026167-scallion-oil-fish?smid=ck-recipe-iOS-share"""
"Quick Tomato, White Bean and Kale Soup","{""summary"":""Quick Tomato, White Bean and Kale Soup"",""dtstart"":""20250311"",""dtend"":null,""duration"":null,""dtstamp"":null,""dtstart_tz"":""20250311T000000"",""dtend_tz"":""20250311T000000"",""uid"":""8a26d10cf35949b8ac90e2fcc9809d4a"",""created"":null,""last_modified"":null,""description"":null,""location"":""https:\/\/cooking.nytimes.com\/recipes\/1014524-quick-tomato-white-bean-and-kale-soup?smid=ck-recipe-iOS-share"",""sequence"":null,""status"":null,""transp"":""TRANSPARENT"",""organizer"":null,""attendee"":null,""additionalProperties"":{""summary_array"":[[],""Quick Tomato, White Bean and Kale Soup""],""dtstart_array"":[{""VALUE"":""DATE""},""20250311"",1741672800,""20250311""],""uid_array"":[[],""8a26d10cf35949b8ac90e2fcc9809d4a""],""location_array"":[[],""https:\/\/cooking.nytimes.com\/recipes\/1014524-quick-tomato-white-bean-and-kale-soup?smid=ck-recipe-iOS-share""],""transp_array"":[[],""TRANSPARENT""],""url_array"":[[],""https:\/\/cooking.nytimes.com\/recipes\/1014524-quick-tomato-white-bean-and-kale-soup?smid=ck-recipe-iOS-share""],""url"":""https:\/\/cooking.nytimes.com\/recipes\/1014524-quick-tomato-white-bean-and-kale-soup?smid=ck-recipe-iOS-share""}}","""https:\/\/cooking.nytimes.com\/recipes\/1014524-quick-tomato-white-bean-and-kale-soup?smid=ck-recipe-iOS-share"""
Ginger-Garlic Shrimp With Coconut Milk,"{""summary"":""Ginger-Garlic Shrimp With Coconut Milk"",""dtstart"":""20250520"",""dtend"":null,""duration"":null,""dtstamp"":null,""dtstart_tz"":""20250520T000000"",""dtend_tz"":""20250520T000000"",""uid"":""099258416d034882bc355add3bf72e66"",""created"":null,""last_modified"":null,""description"":null,""location"":""https:\/\/cooking.nytimes.com\/recipes\/1023206-ginger-garlic-shrimp-with-coconut-milk?smid=ck-recipe-iOS-share"",""sequence"":null,""status"":null,""transp"":""TRANSPARENT"",""organizer"":null,""attendee"":null,""additionalProperties"":{""summary_array"":[[],""Ginger-Garlic Shrimp With Coconut Milk""],""dtstart_array"":[{""VALUE"":""DATE""},""20250520"",1747720800,""20250520""],""uid_array"":[[],""099258416d034882bc355add3bf72e66""],""location_array"":[[],""https:\/\/cooking.nytimes.com\/recipes\/1023206-ginger-garlic-shrimp-with-coconut-milk?smid=ck-recipe-iOS-share""],""transp_array"":[[],""TRANSPARENT""],""url_array"":[[],""https:\/\/cooking.nytimes.com\/recipes\/1023206-ginger-garlic-shrimp-with-coconut-milk?smid=ck-recipe-iOS-share""],""url"":""https:\/\/cooking.nytimes.com\/recipes\/1023206-ginger-garlic-shrimp-with-coconut-milk?smid=ck-recipe-iOS-share""}}","""https:\/\/cooking.nytimes.com\/recipes\/1023206-ginger-garlic-shrimp-with-coconut-milk?smid=ck-recipe-iOS-share"""
Veggie Spaghetti,"{""summary"":""Veggie Spaghetti"",""dtstart"":""20250628"",""dtend"":null,""duration"":null,""dtstamp"":null,""dtstart_tz"":""20250628T000000"",""dtend_tz"":""20250628T000000"",""uid"":""5f83cd0c8f3a4399a03d5401c67b0ff9"",""created"":null,""last_modified"":null,""description"":null,""location"":""https:\/\/www.inspiredtaste.net\/38662\/veggie-spaghetti-recipe\/"",""sequence"":null,""status"":null,""transp"":""TRANSPARENT"",""organizer"":null,""attendee"":null,""additionalProperties"":{""summary_array"":[[],""Veggie Spaghetti""],""dtstart_array"":[{""VALUE"":""DATE""},""20250628"",1751090400,""20250628""],""uid_array"":[[],""5f83cd0c8f3a4399a03d5401c67b0ff9""],""location_array"":[[],""https:\/\/www.inspiredtaste.net\/38662\/veggie-spaghetti-recipe\/""],""transp_array"":[[],""TRANSPARENT""],""url_array"":[[],""https:\/\/www.inspiredtaste.net\/38662\/veggie-spaghetti-recipe\/""],""url"":""https:\/\/www.inspiredtaste.net\/38662\/veggie-spaghetti-recipe\/""}}","""https:\/\/www.inspiredtaste.net\/38662\/veggie-spaghetti-recipe\/"""
Hamburger Soup,"{""summary"":""Hamburger Soup"",""dtstart"":""20250107"",""dtend"":null,""duration"":null,""dtstamp"":null,""dtstart_tz"":""20250107T000000"",""dtend_tz"":""20250107T000000"",""uid"":""73a2c68aef1f4f368734ac4e3fe2d459"",""created"":null,""last_modified"":null,""description"":null,""location"":""https:\/\/cooking.nytimes.com\/recipes\/1025427-hamburger-soup?smid=ck-recipe-iOS-share"",""sequence"":null,""status"":null,""transp"":""TRANSPARENT"",""organizer"":null,""attendee"":null,""additionalProperties"":{""summary_array"":[[],""Hamburger Soup""],""dtstart_array"":[{""VALUE"":""DATE""},""20250107"",1736233200,""20250107""],""uid_array"":[[],""73a2c68aef1f4f368734ac4e3fe2d459""],""location_array"":[[],""https:\/\/cooking.nytimes.com\/recipes\/1025427-hamburger-soup?smid=ck-recipe-iOS-share""],""transp_array"":[[],""TRANSPARENT""],""url_array"":[[],""https:\/\/cooking.nytimes.com\/recipes\/1025427-hamburger-soup?smid=ck-recipe-iOS-share""],""url"":""https:\/\/cooking.nytimes.com\/recipes\/1025427-hamburger-soup?smid=ck-recipe-iOS-share""}}","""https:\/\/cooking.nytimes.com\/recipes\/1025427-hamburger-soup?smid=ck-recipe-iOS-share"""
Creamy Tortellini Soup,"{""summary"":""Creamy Tortellini Soup"",""dtstart"":""20241114"",""dtend"":null,""duration"":null,""dtstamp"":null,""dtstart_tz"":""20241114T000000"",""dtend_tz"":""20241114T000000"",""uid"":""ad10a8f75e81410d9b2e5aeddc180fed"",""created"":null,""last_modified"":null,""description"":null,""location"":""https:\/\/cooking.nytimes.com\/recipes\/1026148-creamy-tortellini-soup?smid=ck-recipe-iOS-share"",""sequence"":null,""status"":null,""transp"":""TRANSPARENT"",""organizer"":null,""attendee"":null,""additionalProperties"":{""summary_array"":[[],""Creamy Tortellini Soup""],""dtstart_array"":[{""VALUE"":""DATE""},""20241114"",1731567600,""20241114""],""uid_array"":[[],""ad10a8f75e81410d9b2e5aeddc180fed""],""location_array"":[[],""https:\/\/cooking.nytimes.com\/recipes\/1026148-creamy-tortellini-soup?smid=ck-recipe-iOS-share""],""transp_array"":[[],""TRANSPARENT""],""url_array"":[[],""https:\/\/cooking.nytimes.com\/recipes\/1026148-creamy-tortellini-soup?smid=ck-recipe-iOS-share""],""url"":""https:\/\/cooking.nytimes.com\/recipes\/1026148-creamy-tortellini-soup?smid=ck-recipe-iOS-share""}}","""https:\/\/cooking.nytimes.com\/recipes\/1026148-creamy-tortellini-soup?smid=ck-recipe-iOS-share"""
Risotto With Kale and Red Beans,"{""summary"":""Risotto With Kale and Red Beans"",""dtstart"":""20250109"",""dtend"":null,""duration"":null,""dtstamp"":null,""dtstart_tz"":""20250109T000000"",""dtend_tz"":""20250109T000000"",""uid"":""9f401cb2ddd744a99bf957126b7c1e9a"",""created"":null,""last_modified"":null,""description"":null,""location"":""https:\/\/cooking.nytimes.com\/recipes\/12302-risotto-with-kale-and-red-beans?smid=ck-recipe-iOS-share"",""sequence"":null,""status"":null,""transp"":""TRANSPARENT"",""organizer"":null,""attendee"":null,""additionalProperties"":{""summary_array"":[[],""Risotto With Kale and Red Beans""],""dtstart_array"":[{""VALUE"":""DATE""},""20250109"",1736406000,""20250109""],""uid_array"":[[],""9f401cb2ddd744a99bf957126b7c1e9a""],""location_array"":[[],""https:\/\/cooking.nytimes.com\/recipes\/12302-risotto-with-kale-and-red-beans?smid=ck-recipe-iOS-share""],""transp_array"":[[],""TRANSPARENT""],""url_array"":[[],""https:\/\/cooking.nytimes.com\/recipes\/12302-risotto-with-kale-and-red-beans?smid=ck-recipe-iOS-share""],""url"":""https:\/\/cooking.nytimes.com\/recipes\/12302-risotto-with-kale-and-red-beans?smid=ck-recipe-iOS-share""}}","""https:\/\/cooking.nytimes.com\/recipes\/12302-risotto-with-kale-and-red-beans?smid=ck-recipe-iOS-share"""
One-Pot Sausage and Basil Pasta,"{""summary"":""One-Pot Sausage and Basil Pasta"",""dtstart"":""20250705"",""dtend"":null,""duration"":null,""dtstamp"":null,""dtstart_tz"":""20250705T000000"",""dtend_tz"":""20250705T000000"",""uid"":""df76dc0433bf4b27b25e8f2cf44c1c58"",""created"":null,""last_modified"":null,""description"":null,""location"":""https:\/\/www.tasteofhome.com\/recipes\/one-pot-sausage-and-basil-pasta\/#RecipeCard"",""sequence"":null,""status"":null,""transp"":""TRANSPARENT"",""organizer"":null,""attendee"":null,""additionalProperties"":{""summary_array"":[[],""One-Pot Sausage and Basil Pasta""],""dtstart_array"":[{""VALUE"":""DATE""},""20250705"",1751695200,""20250705""],""uid_array"":[[],""df76dc0433bf4b27b25e8f2cf44c1c58""],""location_array"":[[],""https:\/\/www.tasteofhome.com\/recipes\/one-pot-sausage-and-basil-pasta\/#RecipeCard""],""transp_array"":[[],""TRANSPARENT""],""url_array"":[[],""https:\/\/www.tasteofhome.com\/recipes\/one-pot-sausage-and-basil-pasta\/#RecipeCard""],""url"":""https:\/\/www.tasteofhome.com\/recipes\/one-pot-sausage-and-basil-pasta\/#RecipeCard""}}","""https:\/\/www.tasteofhome.com\/recipes\/one-pot-sausage-and-basil-pasta\/#RecipeCard"""
Ham,"{""summary"":""Ham"",""dtstart"":""20250129"",""dtend"":null,""duration"":null,""dtstamp"":null,""dtstart_tz"":""20250129T000000"",""dtend_tz"":""20250129T000000"",""uid"":""28a98c2d991e47e49080c30f1bc84dae"",""created"":null,""last_modified"":null,""description"":null,""location"":""https:\/\/www.tasteofhome.com\/recipes\/sugar-glazed-ham\/"",""sequence"":null,""status"":null,""transp"":""TRANSPARENT"",""organizer"":null,""attendee"":null,""additionalProperties"":{""summary_array"":[[],""Ham""],""dtstart_array"":[{""VALUE"":""DATE""},""20250129"",1738134000,""20250129""],""uid_array"":[[],""28a98c2d991e47e49080c30f1bc84dae""],""location_array"":[[],""https:\/\/www.tasteofhome.com\/recipes\/sugar-glazed-ham\/""],""transp_array"":[[],""TRANSPARENT""],""url_array"":[[],""https:\/\/www.tasteofhome.com\/recipes\/sugar-glazed-ham\/""],""url"":""https:\/\/www.tasteofhome.com\/recipes\/sugar-glazed-ham\/""}}","""https:\/\/www.tasteofhome.com\/recipes\/sugar-glazed-ham\/"""
Crispy Gnocchi With Sausage and Broccoli,"{""summary"":""Crispy Gnocchi With Sausage and Broccoli"",""dtstart"":""20250401"",""dtend"":null,""duration"":null,""dtstamp"":null,""dtstart_tz"":""20250401T000000"",""dtend_tz"":""20250401T000000"",""uid"":""9d7925550e414c6ab54f11c8d5869c43"",""created"":null,""last_modified"":null,""description"":null,""location"":""https:\/\/cooking.nytimes.com\/recipes\/1025733-crispy-gnocchi-with-sausage-and-broccoli?smid=ck-recipe-iOS-share"",""sequence"":null,""status"":null,""transp"":""TRANSPARENT"",""organizer"":null,""attendee"":null,""additionalProperties"":{""summary_array"":[[],""Crispy Gnocchi With Sausage and Broccoli""],""dtstart_array"":[{""VALUE"":""DATE""},""20250401"",1743487200,""20250401""],""uid_array"":[[],""9d7925550e414c6ab54f11c8d5869c43""],""location_array"":[[],""https:\/\/cooking.nytimes.com\/recipes\/1025733-crispy-gnocchi-with-sausage-and-broccoli?smid=ck-recipe-iOS-share""],""transp_array"":[[],""TRANSPARENT""],""url_array"":[[],""https:\/\/cooking.nytimes.com\/recipes\/1025733-crispy-gnocchi-with-sausage-and-broccoli?smid=ck-recipe-iOS-share""],""url"":""https:\/\/cooking.nytimes.com\/recipes\/1025733-crispy-gnocchi-with-sausage-and-broccoli?smid=ck-recipe-iOS-share""}}","""https:\/\/cooking.nytimes.com\/recipes\/1025733-crispy-gnocchi-with-sausage-and-broccoli?smid=ck-recipe-iOS-share"""
Salmon Onigiri,"{""summary"":""Salmon Onigiri"",""dtstart"":""20250402"",""dtend"":null,""duration"":null,""dtstamp"":null,""dtstart_tz"":""20250402T000000"",""dtend_tz"":""20250402T000000"",""uid"":""66d45aef6193430790efcf552a7fae26"",""created"":null,""last_modified"":null,""description"":null,""location"":""https:\/\/cooking.nytimes.com\/recipes\/1025414-salmon-onigiri?smid=ck-recipe-iOS-share"",""sequence"":null,""status"":null,""transp"":""TRANSPARENT"",""organizer"":null,""attendee"":null,""additionalProperties"":{""summary_array"":[[],""Salmon Onigiri""],""dtstart_array"":[{""VALUE"":""DATE""},""20250402"",1743573600,""20250402""],""uid_array"":[[],""66d45aef6193430790efcf552a7fae26""],""location_array"":[[],""https:\/\/cooking.nytimes.com\/recipes\/1025414-salmon-onigiri?smid=ck-recipe-iOS-share""],""transp_array"":[[],""TRANSPARENT""],""url_array"":[[],""https:\/\/cooking.nytimes.com\/recipes\/1025414-salmon-onigiri?smid=ck-recipe-iOS-share""],""url"":""https:\/\/cooking.nytimes.com\/recipes\/1025414-salmon-onigiri?smid=ck-recipe-iOS-share""}}","""https:\/\/cooking.nytimes.com\/recipes\/1025414-salmon-onigiri?smid=ck-recipe-iOS-share"""
Mini Meatball Soup With Broccoli and Orecchiette,"{""summary"":""Mini Meatball Soup With Broccoli and Orecchiette"",""dtstart"":""20250218"",""dtend"":null,""duration"":null,""dtstamp"":null,""dtstart_tz"":""20250218T000000"",""dtend_tz"":""20250218T000000"",""uid"":""030fa456c17b4ca8a552269cfb0026df"",""created"":null,""last_modified"":null,""description"":null,""location"":""https:\/\/cooking.nytimes.com\/recipes\/1021568-mini-meatball-soup-with-broccoli-and-orecchiette?smid=ck-recipe-iOS-share"",""sequence"":null,""status"":null,""transp"":""TRANSPARENT"",""organizer"":null,""attendee"":null,""additionalProperties"":{""summary_array"":[[],""Mini Meatball Soup With Broccoli and Orecchiette""],""dtstart_array"":[{""VALUE"":""DATE""},""20250218"",1739862000,""20250218""],""uid_array"":[[],""030fa456c17b4ca8a552269cfb0026df""],""location_array"":[[],""https:\/\/cooking.nytimes.com\/recipes\/1021568-mini-meatball-soup-with-broccoli-and-orecchiette?smid=ck-recipe-iOS-share""],""transp_array"":[[],""TRANSPARENT""],""url_array"":[[],""https:\/\/cooking.nytimes.com\/recipes\/1021568-mini-meatball-soup-with-broccoli-and-orecchiette?smid=ck-recipe-iOS-share""],""url"":""https:\/\/cooking.nytimes.com\/recipes\/1021568-mini-meatball-soup-with-broccoli-and-orecchiette?smid=ck-recipe-iOS-share""}}","""https:\/\/cooking.nytimes.com\/recipes\/1021568-mini-meatball-soup-with-broccoli-and-orecchiette?smid=ck-recipe-iOS-share"""
Soy Sauce Noodles With Cabbage and Fried Eggs,"{""summary"":""Soy Sauce Noodles With Cabbage and Fried Eggs"",""dtstart"":""20250319"",""dtend"":null,""duration"":null,""dtstamp"":null,""dtstart_tz"":""20250319T000000"",""dtend_tz"":""20250319T000000"",""uid"":""ec2bce9331e44371b9b621c475694f61"",""created"":null,""last_modified"":null,""description"":null,""location"":""https:\/\/cooking.nytimes.com\/recipes\/1023889-soy-sauce-noodles-with-cabbage-and-fried-eggs?smid=ck-recipe-iOS-share"",""sequence"":null,""status"":null,""transp"":""TRANSPARENT"",""organizer"":null,""attendee"":null,""additionalProperties"":{""summary_array"":[[],""Soy Sauce Noodles With Cabbage and Fried Eggs""],""dtstart_array"":[{""VALUE"":""DATE""},""20250319"",1742364000,""20250319""],""uid_array"":[[],""ec2bce9331e44371b9b621c475694f61""],""location_array"":[[],""https:\/\/cooking.nytimes.com\/recipes\/1023889-soy-sauce-noodles-with-cabbage-and-fried-eggs?smid=ck-recipe-iOS-share""],""transp_array"":[[],""TRANSPARENT""],""url_array"":[[],""https:\/\/cooking.nytimes.com\/recipes\/1023889-soy-sauce-noodles-with-cabbage-and-fried-eggs?smid=ck-recipe-iOS-share""],""url"":""https:\/\/cooking.nytimes.com\/recipes\/1023889-soy-sauce-noodles-with-cabbage-and-fried-eggs?smid=ck-recipe-iOS-share""}}","""https:\/\/cooking.nytimes.com\/recipes\/1023889-soy-sauce-noodles-with-cabbage-and-fried-eggs?smid=ck-recipe-iOS-share"""
Crispy Gnocchi With Sausage and Broccoli,"{""summary"":""Crispy Gnocchi With Sausage and Broccoli"",""dtstart"":""20250114"",""dtend"":null,""duration"":null,""dtstamp"":null,""dtstart_tz"":""20250114T000000"",""dtend_tz"":""20250114T000000"",""uid"":""48ebb1ec81054948aa7cd609ae986d65"",""created"":null,""last_modified"":null,""description"":null,""location"":""https:\/\/cooking.nytimes.com\/recipes\/1025733-crispy-gnocchi-with-sausage-and-broccoli?smid=ck-recipe-iOS-share"",""sequence"":null,""status"":null,""transp"":""TRANSPARENT"",""organizer"":null,""attendee"":null,""additionalProperties"":{""summary_array"":[[],""Crispy Gnocchi With Sausage and Broccoli""],""dtstart_array"":[{""VALUE"":""DATE""},""20250114"",1736838000,""20250114""],""uid_array"":[[],""48ebb1ec81054948aa7cd609ae986d65""],""location_array"":[[],""https:\/\/cooking.nytimes.com\/recipes\/1025733-crispy-gnocchi-with-sausage-and-broccoli?smid=ck-recipe-iOS-share""],""transp_array"":[[],""TRANSPARENT""],""url_array"":[[],""https:\/\/cooking.nytimes.com\/recipes\/1025733-crispy-gnocchi-with-sausage-and-broccoli?smid=ck-recipe-iOS-share""],""url"":""https:\/\/cooking.nytimes.com\/recipes\/1025733-crispy-gnocchi-with-sausage-and-broccoli?smid=ck-recipe-iOS-share""}}","""https:\/\/cooking.nytimes.com\/recipes\/1025733-crispy-gnocchi-with-sausage-and-broccoli?smid=ck-recipe-iOS-share"""
Baked Fish and Chips,"{""summary"":""Baked Fish and Chips"",""dtstart"":""20250323"",""dtend"":null,""duration"":null,""dtstamp"":null,""dtstart_tz"":""20250323T000000"",""dtend_tz"":""20250323T000000"",""uid"":""88d260224a984e8caae2290c6bb683ab"",""created"":null,""last_modified"":null,""description"":null,""location"":""https:\/\/cooking.nytimes.com\/recipes\/1018023-baked-fish-and-chips?smid=ck-recipe-iOS-share"",""sequence"":null,""status"":null,""transp"":""TRANSPARENT"",""organizer"":null,""attendee"":null,""additionalProperties"":{""summary_array"":[[],""Baked Fish and Chips""],""dtstart_array"":[{""VALUE"":""DATE""},""20250323"",1742709600,""20250323""],""uid_array"":[[],""88d260224a984e8caae2290c6bb683ab""],""location_array"":[[],""https:\/\/cooking.nytimes.com\/recipes\/1018023-baked-fish-and-chips?smid=ck-recipe-iOS-share""],""transp_array"":[[],""TRANSPARENT""],""url_array"":[[],""https:\/\/cooking.nytimes.com\/recipes\/1018023-baked-fish-and-chips?smid=ck-recipe-iOS-share""],""url"":""https:\/\/cooking.nytimes.com\/recipes\/1018023-baked-fish-and-chips?smid=ck-recipe-iOS-share""}}","""https:\/\/cooking.nytimes.com\/recipes\/1018023-baked-fish-and-chips?smid=ck-recipe-iOS-share"""
Potato Skins,"{""summary"":""Potato Skins"",""dtstart"":""20250209"",""dtend"":null,""duration"":null,""dtstamp"":null,""dtstart_tz"":""20250209T000000"",""dtend_tz"":""20250209T000000"",""uid"":""a918b46398754e0482d38d305b0dae09"",""created"":null,""last_modified"":null,""description"":null,""location"":""https:\/\/cooking.nytimes.com\/recipes\/1012831-serious-potato-skins?algo=identity&fellback=true&imp_id=8444387983659026&req_id=7715684971105310&surface=cooking-search-web&variant=0_relevance_reranking"",""sequence"":null,""status"":null,""transp"":""TRANSPARENT"",""organizer"":null,""attendee"":null,""additionalProperties"":{""summary_array"":[[],""Potato Skins""],""dtstart_array"":[{""VALUE"":""DATE""},""20250209"",1739084400,""20250209""],""uid_array"":[[],""a918b46398754e0482d38d305b0dae09""],""location_array"":[[],""https:\/\/cooking.nytimes.com\/recipes\/1012831-serious-potato-skins?algo=identity&fellback=true&imp_id=8444387983659026&req_id=7715684971105310&surface=cooking-search-web&variant=0_relevance_reranking""],""transp_array"":[[],""TRANSPARENT""],""url_array"":[[],""https:\/\/cooking.nytimes.com\/recipes\/1012831-serious-potato-skins?algo=identity&fellback=true&imp_id=8444387983659026&req_id=7715684971105310&surface=cooking-search-web&variant=0_relevance_reranking""],""url"":""https:\/\/cooking.nytimes.com\/recipes\/1012831-serious-potato-skins?algo=identity&fellback=true&imp_id=8444387983659026&req_id=7715684971105310&surface=cooking-search-web&variant=0_relevance_reranking""}}","""https:\/\/cooking.nytimes.com\/recipes\/1012831-serious-potato-skins?algo=identity&fellback=true&imp_id=8444387983659026&req_id=7715684971105310&surface=cooking-search-web&variant=0_relevance_reranking"""
Cheesy Baked Gnocchi With Spicy Tomato Sauce,"{""summary"":""Cheesy Baked Gnocchi With Spicy Tomato Sauce"",""dtstart"":""20250508"",""dtend"":null,""duration"":null,""dtstamp"":null,""dtstart_tz"":""20250508T000000"",""dtend_tz"":""20250508T000000"",""uid"":""e2b2a7a9352c42fd9198c0ebeb61a54b"",""created"":null,""last_modified"":null,""description"":null,""location"":""https:\/\/cooking.nytimes.com\/recipes\/1026508-cheesy-baked-gnocchi-with-spicy-tomato-sauce?smid=ck-recipe-iOS-share"",""sequence"":null,""status"":null,""transp"":""TRANSPARENT"",""organizer"":null,""attendee"":null,""additionalProperties"":{""summary_array"":[[],""Cheesy Baked Gnocchi With Spicy Tomato Sauce""],""dtstart_array"":[{""VALUE"":""DATE""},""20250508"",1746684000,""20250508""],""uid_array"":[[],""e2b2a7a9352c42fd9198c0ebeb61a54b""],""location_array"":[[],""https:\/\/cooking.nytimes.com\/recipes\/1026508-cheesy-baked-gnocchi-with-spicy-tomato-sauce?smid=ck-recipe-iOS-share""],""transp_array"":[[],""TRANSPARENT""],""url_array"":[[],""https:\/\/cooking.nytimes.com\/recipes\/1026508-cheesy-baked-gnocchi-with-spicy-tomato-sauce?smid=ck-recipe-iOS-share""],""url"":""https:\/\/cooking.nytimes.com\/recipes\/1026508-cheesy-baked-gnocchi-with-spicy-tomato-sauce?smid=ck-recipe-iOS-share""}}","""https:\/\/cooking.nytimes.com\/recipes\/1026508-cheesy-baked-gnocchi-with-spicy-tomato-sauce?smid=ck-recipe-iOS-share"""
Omelet in a Bag,"{""summary"":""Omelet in a Bag"",""dtstart"":""20250705"",""dtend"":null,""duration"":null,""dtstamp"":null,""dtstart_tz"":""20250705T000000"",""dtend_tz"":""20250705T000000"",""uid"":""05f481ed6953413c9984b4ec61852bab"",""created"":null,""last_modified"":null,""description"":null,""location"":""https:\/\/www.allrecipes.com\/recipe\/85107\/omelet-in-a-bag\/"",""sequence"":null,""status"":null,""transp"":""TRANSPARENT"",""organizer"":null,""attendee"":null,""additionalProperties"":{""summary_array"":[[],""Omelet in a Bag""],""dtstart_array"":[{""VALUE"":""DATE""},""20250705"",1751695200,""20250705""],""uid_array"":[[],""05f481ed6953413c9984b4ec61852bab""],""location_array"":[[],""https:\/\/www.allrecipes.com\/recipe\/85107\/omelet-in-a-bag\/""],""transp_array"":[[],""TRANSPARENT""],""url_array"":[[],""https:\/\/www.allrecipes.com\/recipe\/85107\/omelet-in-a-bag\/""],""url"":""https:\/\/www.allrecipes.com\/recipe\/85107\/omelet-in-a-bag\/""}}","""https:\/\/www.allrecipes.com\/recipe\/85107\/omelet-in-a-bag\/"""
Mayak Eggs (Korean Marinated Eggs),"{""summary"":""Mayak Eggs (Korean Marinated Eggs)"",""dtstart"":""20250121"",""dtend"":null,""duration"":null,""dtstamp"":null,""dtstart_tz"":""20250121T000000"",""dtend_tz"":""20250121T000000"",""uid"":""454c8c647fd24c398a7edf7f75b5ebca"",""created"":null,""last_modified"":null,""description"":null,""location"":""https:\/\/www.cookerru.com\/mayak-eggs\/"",""sequence"":null,""status"":null,""transp"":""TRANSPARENT"",""organizer"":null,""attendee"":null,""additionalProperties"":{""summary_array"":[[],""Mayak Eggs (Korean Marinated Eggs)""],""dtstart_array"":[{""VALUE"":""DATE""},""20250121"",1737442800,""20250121""],""uid_array"":[[],""454c8c647fd24c398a7edf7f75b5ebca""],""location_array"":[[],""https:\/\/www.cookerru.com\/mayak-eggs\/""],""transp_array"":[[],""TRANSPARENT""],""url_array"":[[],""https:\/\/www.cookerru.com\/mayak-eggs\/""],""url"":""https:\/\/www.cookerru.com\/mayak-eggs\/""}}","""https:\/\/www.cookerru.com\/mayak-eggs\/"""
Charred Cabbage With Miso Browned Butter,"{""summary"":""Charred Cabbage With Miso Browned Butter"",""dtstart"":""20250317"",""dtend"":null,""duration"":null,""dtstamp"":null,""dtstart_tz"":""20250317T000000"",""dtend_tz"":""20250317T000000"",""uid"":""54e2fbb5ec9149df9694b88c75967096"",""created"":null,""last_modified"":null,""description"":null,""location"":""https:\/\/cooking.nytimes.com\/recipes\/1025884-charred-cabbage-with-miso-browned-butter?smid=ck-recipe-iOS-share"",""sequence"":null,""status"":null,""transp"":""TRANSPARENT"",""organizer"":null,""attendee"":null,""additionalProperties"":{""summary_array"":[[],""Charred Cabbage With Miso Browned Butter""],""dtstart_array"":[{""VALUE"":""DATE""},""20250317"",1742191200,""20250317""],""uid_array"":[[],""54e2fbb5ec9149df9694b88c75967096""],""location_array"":[[],""https:\/\/cooking.nytimes.com\/recipes\/1025884-charred-cabbage-with-miso-browned-butter?smid=ck-recipe-iOS-share""],""transp_array"":[[],""TRANSPARENT""],""url_array"":[[],""https:\/\/cooking.nytimes.com\/recipes\/1025884-charred-cabbage-with-miso-browned-butter?smid=ck-recipe-iOS-share""],""url"":""https:\/\/cooking.nytimes.com\/recipes\/1025884-charred-cabbage-with-miso-browned-butter?smid=ck-recipe-iOS-share""}}","""https:\/\/cooking.nytimes.com\/recipes\/1025884-charred-cabbage-with-miso-browned-butter?smid=ck-recipe-iOS-share"""
Garlic Butter Shrimp,"{""summary"":""Garlic Butter Shrimp"",""dtstart"":""20251009"",""dtend"":null,""duration"":null,""dtstamp"":null,""dtstart_tz"":""20251009T000000"",""dtend_tz"":""20251009T000000"",""uid"":""1c64cfe7010f4d0f839a6fac404f6dc3"",""created"":null,""last_modified"":null,""description"":null,""location"":""https:\/\/www.dinneratthezoo.com\/garlic-butter-shrimp\/"",""sequence"":null,""status"":null,""transp"":""TRANSPARENT"",""organizer"":null,""attendee"":null,""additionalProperties"":{""summary_array"":[[],""Garlic Butter Shrimp""],""dtstart_array"":[{""VALUE"":""DATE""},""20251009"",1759989600,""20251009""],""uid_array"":[[],""1c64cfe7010f4d0f839a6fac404f6dc3""],""location_array"":[[],""https:\/\/www.dinneratthezoo.com\/garlic-butter-shrimp\/""],""transp_array"":[[],""TRANSPARENT""],""url_array"":[[],""https:\/\/www.dinneratthezoo.com\/garlic-butter-shrimp\/""],""url"":""https:\/\/www.dinneratthezoo.com\/garlic-butter-shrimp\/""}}","""https:\/\/www.dinneratthezoo.com\/garlic-butter-shrimp\/"""
Soy Sauce Noodles With Cabbage and Fried Eggs,"{""summary"":""Soy Sauce Noodles With Cabbage and Fried Eggs"",""dtstart"":""20250328"",""dtend"":null,""duration"":null,""dtstamp"":null,""dtstart_tz"":""20250328T000000"",""dtend_tz"":""20250328T000000"",""uid"":""74c61f1c51c14b5484e678b9d02771aa"",""created"":null,""last_modified"":null,""description"":null,""location"":""https:\/\/cooking.nytimes.com\/recipes\/1023889-soy-sauce-noodles-with-cabbage-and-fried-eggs?smid=ck-recipe-iOS-share"",""sequence"":null,""status"":null,""transp"":""TRANSPARENT"",""organizer"":null,""attendee"":null,""additionalProperties"":{""summary_array"":[[],""Soy Sauce Noodles With Cabbage and Fried Eggs""],""dtstart_array"":[{""VALUE"":""DATE""},""20250328"",1743141600,""20250328""],""uid_array"":[[],""74c61f1c51c14b5484e678b9d02771aa""],""location_array"":[[],""https:\/\/cooking.nytimes.com\/recipes\/1023889-soy-sauce-noodles-with-cabbage-and-fried-eggs?smid=ck-recipe-iOS-share""],""transp_array"":[[],""TRANSPARENT""],""url_array"":[[],""https:\/\/cooking.nytimes.com\/recipes\/1023889-soy-sauce-noodles-with-cabbage-and-fried-eggs?smid=ck-recipe-iOS-share""],""url"":""https:\/\/cooking.nytimes.com\/recipes\/1023889-soy-sauce-noodles-with-cabbage-and-fried-eggs?smid=ck-recipe-iOS-share""}}","""https:\/\/cooking.nytimes.com\/recipes\/1023889-soy-sauce-noodles-with-cabbage-and-fried-eggs?smid=ck-recipe-iOS-share"""
Pearl Couscous With Creamy Feta and Chickpeas,"{""summary"":""Pearl Couscous With Creamy Feta and Chickpeas"",""dtstart"":""20250310"",""dtend"":null,""duration"":null,""dtstamp"":null,""dtstart_tz"":""20250310T000000"",""dtend_tz"":""20250310T000000"",""uid"":""8f083a0c494344459f9bce0de29c470a"",""created"":null,""last_modified"":null,""description"":null,""location"":""https:\/\/cooking.nytimes.com\/recipes\/1019916-pearl-couscous-with-creamy-feta-and-chickpeas?smid=ck-recipe-iOS-share"",""sequence"":null,""status"":null,""transp"":""TRANSPARENT"",""organizer"":null,""attendee"":null,""additionalProperties"":{""summary_array"":[[],""Pearl Couscous With Creamy Feta and Chickpeas""],""dtstart_array"":[{""VALUE"":""DATE""},""20250310"",1741586400,""20250310""],""uid_array"":[[],""8f083a0c494344459f9bce0de29c470a""],""location_array"":[[],""https:\/\/cooking.nytimes.com\/recipes\/1019916-pearl-couscous-with-creamy-feta-and-chickpeas?smid=ck-recipe-iOS-share""],""transp_array"":[[],""TRANSPARENT""],""url_array"":[[],""https:\/\/cooking.nytimes.com\/recipes\/1019916-pearl-couscous-with-creamy-feta-and-chickpeas?smid=ck-recipe-iOS-share""],""url"":""https:\/\/cooking.nytimes.com\/recipes\/1019916-pearl-couscous-with-creamy-feta-and-chickpeas?smid=ck-recipe-iOS-share""}}","""https:\/\/cooking.nytimes.com\/recipes\/1019916-pearl-couscous-with-creamy-feta-and-chickpeas?smid=ck-recipe-iOS-share"""
On Your Own Recognizance,"{""summary"":""On Your Own Recognizance"",""dtstart"":""20250326"",""dtend"":null,""duration"":null,""dtstamp"":null,""dtstart_tz"":""20250326T000000"",""dtend_tz"":""20250326T000000"",""uid"":""853199c516d34b9fa38f22c8fbeb3080"",""created"":null,""last_modified"":null,""description"":null,""location"":null,""sequence"":null,""status"":null,""transp"":""TRANSPARENT"",""organizer"":null,""attendee"":null,""additionalProperties"":{""summary_array"":[[],""On Your Own Recognizance""],""dtstart_array"":[{""VALUE"":""DATE""},""20250326"",1742968800,""20250326""],""uid_array"":[[],""853199c516d34b9fa38f22c8fbeb3080""],""transp_array"":[[],""TRANSPARENT""]}}",null
Pot Roast,"{""summary"":""Pot Roast"",""dtstart"":""20250622"",""dtend"":null,""duration"":null,""dtstamp"":null,""dtstart_tz"":""20250622T000000"",""dtend_tz"":""20250622T000000"",""uid"":""0170ffbc46eb4208a4145cb61c7d816e"",""created"":null,""last_modified"":null,""description"":null,""location"":null,""sequence"":null,""status"":null,""transp"":""TRANSPARENT"",""organizer"":null,""attendee"":null,""additionalProperties"":{""summary_array"":[[],""Pot Roast""],""dtstart_array"":[{""VALUE"":""DATE""},""20250622"",1750572000,""20250622""],""uid_array"":[[],""0170ffbc46eb4208a4145cb61c7d816e""],""transp_array"":[[],""TRANSPARENT""]}}",null
Pot Roast,"{""summary"":""Pot Roast"",""dtstart"":""20250503"",""dtend"":null,""duration"":null,""dtstamp"":null,""dtstart_tz"":""20250503T000000"",""dtend_tz"":""20250503T000000"",""uid"":""0e132f41435241a0844dfcdc328067c2"",""created"":null,""last_modified"":null,""description"":null,""location"":null,""sequence"":null,""status"":null,""transp"":""TRANSPARENT"",""organizer"":null,""attendee"":null,""additionalProperties"":{""summary_array"":[[],""Pot Roast""],""dtstart_array"":[{""VALUE"":""DATE""},""20250503"",1746252000,""20250503""],""uid_array"":[[],""0e132f41435241a0844dfcdc328067c2""],""transp_array"":[[],""TRANSPARENT""]}}",null
The Best Meatball Recipe Ever,"{""summary"":""The Best Meatball Recipe Ever"",""dtstart"":""20250628"",""dtend"":null,""duration"":null,""dtstamp"":null,""dtstart_tz"":""20250628T000000"",""dtend_tz"":""20250628T000000"",""uid"":""3dd32e9db534476aa3f01f370ece26f1"",""created"":null,""last_modified"":null,""description"":null,""location"":""https:\/\/www.billyparisi.com\/spaghetti-and-the-best-meatball-recipe-ever\/"",""sequence"":null,""status"":null,""transp"":""TRANSPARENT"",""organizer"":null,""attendee"":null,""additionalProperties"":{""summary_array"":[[],""The Best Meatball Recipe Ever""],""dtstart_array"":[{""VALUE"":""DATE""},""20250628"",1751090400,""20250628""],""uid_array"":[[],""3dd32e9db534476aa3f01f370ece26f1""],""location_array"":[[],""https:\/\/www.billyparisi.com\/spaghetti-and-the-best-meatball-recipe-ever\/""],""transp_array"":[[],""TRANSPARENT""],""url_array"":[[],""https:\/\/www.billyparisi.com\/spaghetti-and-the-best-meatball-recipe-ever\/""],""url"":""https:\/\/www.billyparisi.com\/spaghetti-and-the-best-meatball-recipe-ever\/""}}","""https:\/\/www.billyparisi.com\/spaghetti-and-the-best-meatball-recipe-ever\/"""
Crunchy Queso Wrap,"{""summary"":""Crunchy Queso Wrap"",""dtstart"":""20250715"",""dtend"":null,""duration"":null,""dtstamp"":null,""dtstart_tz"":""20250715T000000"",""dtend_tz"":""20250715T000000"",""uid"":""6db89d449200469fa24bd6a297cc4ea4"",""created"":null,""last_modified"":null,""description"":null,""location"":""https:\/\/cooking.nytimes.com\/recipes\/1027001-crunchy-queso-wrap?smid=ck-recipe-iOS-share"",""sequence"":null,""status"":null,""transp"":""TRANSPARENT"",""organizer"":null,""attendee"":null,""additionalProperties"":{""summary_array"":[[],""Crunchy Queso Wrap""],""dtstart_array"":[{""VALUE"":""DATE""},""20250715"",1752559200,""20250715""],""uid_array"":[[],""6db89d449200469fa24bd6a297cc4ea4""],""location_array"":[[],""https:\/\/cooking.nytimes.com\/recipes\/1027001-crunchy-queso-wrap?smid=ck-recipe-iOS-share""],""transp_array"":[[],""TRANSPARENT""],""url_array"":[[],""https:\/\/cooking.nytimes.com\/recipes\/1027001-crunchy-queso-wrap?smid=ck-recipe-iOS-share""],""url"":""https:\/\/cooking.nytimes.com\/recipes\/1027001-crunchy-queso-wrap?smid=ck-recipe-iOS-share""}}","""https:\/\/cooking.nytimes.com\/recipes\/1027001-crunchy-queso-wrap?smid=ck-recipe-iOS-share"""
Sloppy Joes,"{""summary"":""Sloppy Joes"",""dtstart"":""20250908"",""dtend"":null,""duration"":null,""dtstamp"":null,""dtstart_tz"":""20250908T000000"",""dtend_tz"":""20250908T000000"",""uid"":""7908f922e87d4ca19360451fd7e47f63"",""created"":null,""last_modified"":null,""description"":null,""location"":""https:\/\/cooking.nytimes.com\/recipes\/4203-sloppy-joes?smid=ck-recipe-iOS-share"",""sequence"":null,""status"":null,""transp"":""TRANSPARENT"",""organizer"":null,""attendee"":null,""additionalProperties"":{""summary_array"":[[],""Sloppy Joes""],""dtstart_array"":[{""VALUE"":""DATE""},""20250908"",1757311200,""20250908""],""uid_array"":[[],""7908f922e87d4ca19360451fd7e47f63""],""location_array"":[[],""https:\/\/cooking.nytimes.com\/recipes\/4203-sloppy-joes?smid=ck-recipe-iOS-share""],""transp_array"":[[],""TRANSPARENT""],""url_array"":[[],""https:\/\/cooking.nytimes.com\/recipes\/4203-sloppy-joes?smid=ck-recipe-iOS-share""],""url"":""https:\/\/cooking.nytimes.com\/recipes\/4203-sloppy-joes?smid=ck-recipe-iOS-share""}}","""https:\/\/cooking.nytimes.com\/recipes\/4203-sloppy-joes?smid=ck-recipe-iOS-share"""
Ham,"{""summary"":""Ham"",""dtstart"":""20250914"",""dtend"":null,""duration"":null,""dtstamp"":null,""dtstart_tz"":""20250914T000000"",""dtend_tz"":""20250914T000000"",""uid"":""a0469e0da3084fd2bdae27d4934fc2c6"",""created"":null,""last_modified"":null,""description"":null,""location"":""https:\/\/www.tasteofhome.com\/recipes\/sugar-glazed-ham\/"",""sequence"":null,""status"":null,""transp"":""TRANSPARENT"",""organizer"":null,""attendee"":null,""additionalProperties"":{""summary_array"":[[],""Ham""],""dtstart_array"":[{""VALUE"":""DATE""},""20250914"",1757829600,""20250914""],""uid_array"":[[],""a0469e0da3084fd2bdae27d4934fc2c6""],""location_array"":[[],""https:\/\/www.tasteofhome.com\/recipes\/sugar-glazed-ham\/""],""transp_array"":[[],""TRANSPARENT""],""url_array"":[[],""https:\/\/www.tasteofhome.com\/recipes\/sugar-glazed-ham\/""],""url"":""https:\/\/www.tasteofhome.com\/recipes\/sugar-glazed-ham\/""}}","""https:\/\/www.tasteofhome.com\/recipes\/sugar-glazed-ham\/"""
Mostaccioli,"{""summary"":""Mostaccioli"",""dtstart"":""20250917"",""dtend"":null,""duration"":null,""dtstamp"":null,""dtstart_tz"":""20250917T000000"",""dtend_tz"":""20250917T000000"",""uid"":""f0414f7bc29d41b586af930fecbd7753"",""created"":null,""last_modified"":null,""description"":null,""location"":""https:\/\/cooking.nytimes.com\/recipes\/1026611-baked-mostaccioli?smid=ck-recipe-iOS-share"",""sequence"":null,""status"":null,""transp"":""TRANSPARENT"",""organizer"":null,""attendee"":null,""additionalProperties"":{""summary_array"":[[],""Mostaccioli""],""dtstart_array"":[{""VALUE"":""DATE""},""20250917"",1758088800,""20250917""],""uid_array"":[[],""f0414f7bc29d41b586af930fecbd7753""],""location_array"":[[],""https:\/\/cooking.nytimes.com\/recipes\/1026611-baked-mostaccioli?smid=ck-recipe-iOS-share""],""transp_array"":[[],""TRANSPARENT""],""url_array"":[[],""https:\/\/cooking.nytimes.com\/recipes\/1026611-baked-mostaccioli?smid=ck-recipe-iOS-share""],""url"":""https:\/\/cooking.nytimes.com\/recipes\/1026611-baked-mostaccioli?smid=ck-recipe-iOS-share""}}","""https:\/\/cooking.nytimes.com\/recipes\/1026611-baked-mostaccioli?smid=ck-recipe-iOS-share"""
Roasted Tomato Feta Spaghetti Squash,"{""summary"":""Roasted Tomato Feta Spaghetti Squash"",""dtstart"":""20251027"",""dtend"":null,""duration"":null,""dtstamp"":null,""dtstart_tz"":""20251027T000000"",""dtend_tz"":""20251027T000000"",""uid"":""e9d2caf24c1e45c5bd395cc48023dd5f"",""created"":null,""last_modified"":null,""description"":null,""location"":""https:\/\/www.howsweeteats.com\/2024\/01\/tomato-feta-spaghetti-squash\/"",""sequence"":null,""status"":null,""transp"":""TRANSPARENT"",""organizer"":null,""attendee"":null,""additionalProperties"":{""summary_array"":[[],""Roasted Tomato Feta Spaghetti Squash""],""dtstart_array"":[{""VALUE"":""DATE""},""20251027"",1761544800,""20251027""],""uid_array"":[[],""e9d2caf24c1e45c5bd395cc48023dd5f""],""location_array"":[[],""https:\/\/www.howsweeteats.com\/2024\/01\/tomato-feta-spaghetti-squash\/""],""transp_array"":[[],""TRANSPARENT""],""url_array"":[[],""https:\/\/www.howsweeteats.com\/2024\/01\/tomato-feta-spaghetti-squash\/""],""url"":""https:\/\/www.howsweeteats.com\/2024\/01\/tomato-feta-spaghetti-squash\/""}}","""https:\/\/www.howsweeteats.com\/2024\/01\/tomato-feta-spaghetti-squash\/"""
